id,keyword,questionTitle,cluster,searchIntent,primaryKeyword,supportingKeywords,sourceType,impressions,trend,clicks,ctr,ctrStatus,priorityScore,slug,canonicalTarget,answerType,outline,relatedProviders,internalLinks,indexStatus,bodyCharCount,lastChecked
faq-001,新手机场挑选指南,新手用户如何根据日常需求挑选合适的机场套餐？,机场推荐、选择方法与适用人群,问答咨询,新手机场挑选指南,"机场使用技巧, 进阶日常",ai_cluster,1800,+5%,unknown,unknown,unknown,85,rec-01,https://jichangplus.xyz/faq/#rec-01,DirectAnswer,建议-条件-检查点-内链,"全球云, 飞猫云, 暮光加速, 微风网络",/subscription-management/,index,155,2026-09-23
faq-002,远程办公节点选择,远程办公与跨境协作人群该侧重哪类节点服务？,机场推荐、选择方法与适用人群,问答咨询,远程办公节点选择,"机场使用技巧, 进阶日常",ai_cluster,1800,+5%,unknown,unknown,unknown,85,rec-02,https://jichangplus.xyz/faq/#rec-02,DirectAnswer,建议-条件-检查点-内链,"全球云, 飞猫云, 暮光加速, 微风网络",/service/,index,161,2026-09-23
faq-003,轻度与重度用户对比,轻度网页浏览与重度视频用户在选型上有何差异？,机场推荐、选择方法与适用人群,问答咨询,轻度与重度用户对比,"机场使用技巧, 进阶日常",ai_cluster,1800,+5%,unknown,unknown,unknown,85,rec-03,https://jichangplus.xyz/faq/#rec-03,DirectAnswer,建议-条件-检查点-内链,"全球云, 飞猫云, 暮光加速, 微风网络",/traffic-nodes/,index,163,2026-09-23
faq-004,家庭多设备机场推荐,家庭多人共用时如何选择支持多连接的方案？,机场推荐、选择方法与适用人群,问答咨询,家庭多设备机场推荐,"机场使用技巧, 进阶日常",ai_cluster,1800,+5%,unknown,unknown,unknown,85,rec-04,https://jichangplus.xyz/faq/#rec-04,DirectAnswer,建议-条件-检查点-内链,"全球云, 飞猫云, 暮光加速, 微风网络",/multi-device/,index,160,2026-09-23
faq-005,开发者网络服务选择,开发人员与科研人员应如何评估服务商的协议兼容性？,机场推荐、选择方法与适用人群,问答咨询,开发者网络服务选择,"机场使用技巧, 进阶日常",ai_cluster,1800,+5%,unknown,unknown,unknown,85,rec-05,https://jichangplus.xyz/faq/#rec-05,DirectAnswer,建议-条件-检查点-内链,"全球云, 飞猫云, 暮光加速, 微风网络",/client-tips/,index,161,2026-09-23
faq-006,备用机场配置原则,备用机场应该以何种标准来配置才能防范断网？,机场推荐、选择方法与适用人群,问答咨询,备用机场配置原则,"机场使用技巧, 进阶日常",ai_cluster,1800,+5%,unknown,unknown,unknown,85,rec-06,https://jichangplus.xyz/faq/#rec-06,DirectAnswer,建议-条件-检查点-内链,"全球云, 飞猫云, 暮光加速, 微风网络",/subscription-management/,index,163,2026-09-23
faq-007,客户端生态选型,自研客户端与第三方通用客户端的机场该怎么选？,机场推荐、选择方法与适用人群,问答咨询,客户端生态选型,"机场使用技巧, 进阶日常",ai_cluster,1800,+5%,unknown,unknown,unknown,85,rec-07,https://jichangplus.xyz/faq/#rec-07,DirectAnswer,建议-条件-检查点-内链,"全球云, 飞猫云, 暮光加速, 微风网络",/client-tips/,index,163,2026-09-23
faq-008,虚标与超卖辨别技巧,如何识别虚标带宽与超卖严重的低质机场？,机场推荐、选择方法与适用人群,问答咨询,虚标与超卖辨别技巧,"机场使用技巧, 进阶日常",ai_cluster,1800,+5%,unknown,unknown,unknown,85,rec-08,https://jichangplus.xyz/faq/#rec-08,DirectAnswer,建议-条件-检查点-内链,"全球云, 飞猫云, 暮光加速, 微风网络",/traffic-nodes/,index,161,2026-09-23
faq-009,跨境电商防关联网络,跨境电商多店铺运营防关联对机场有何硬性要求？,机场推荐、选择方法与适用人群,问答咨询,跨境电商防关联网络,"机场使用技巧, 进阶日常",ai_cluster,1800,+5%,unknown,unknown,unknown,85,rec-09,https://jichangplus.xyz/faq/#rec-09,DirectAnswer,建议-条件-检查点-内链,"全球云, 飞猫云, 暮光加速, 微风网络",/safe-use/,index,165,2026-09-23
faq-010,超低价年付风险剖析,年付极低价格套餐背后的潜在风险有哪些？,机场推荐、选择方法与适用人群,问答咨询,超低价年付风险剖析,"机场使用技巧, 进阶日常",ai_cluster,1800,+5%,unknown,unknown,unknown,85,rec-10,https://jichangplus.xyz/faq/#rec-10,DirectAnswer,建议-条件-检查点-内链,"全球云, 飞猫云, 暮光加速, 微风网络",/service/,index,162,2026-09-23
faq-011,差旅多设备网络准备,针对多设备出差旅行者的网络服务该如何准备？,机场推荐、选择方法与适用人群,问答咨询,差旅多设备网络准备,"机场使用技巧, 进阶日常",ai_cluster,1800,+5%,unknown,unknown,unknown,85,rec-11,https://jichangplus.xyz/faq/#rec-11,DirectAnswer,建议-条件-检查点-内链,"全球云, 飞猫云, 暮光加速, 微风网络",/multi-device/,index,162,2026-09-23
faq-012,单点故障与容灾原则,为什么不建议把所有日常流量都押注在单一服务上？,机场推荐、选择方法与适用人群,问答咨询,单点故障与容灾原则,"机场使用技巧, 进阶日常",ai_cluster,1800,+5%,unknown,unknown,unknown,85,rec-12,https://jichangplus.xyz/faq/#rec-12,DirectAnswer,建议-条件-检查点-内链,"全球云, 飞猫云, 暮光加速, 微风网络",/subscription-management/,index,163,2026-09-23
faq-013,校园网代理适配技巧,高校校园网复杂认证环境下如何优选适配服务？,机场推荐、选择方法与适用人群,问答咨询,校园网代理适配技巧,"机场使用技巧, 进阶日常",ai_cluster,1800,+5%,unknown,unknown,unknown,85,rec-13,https://jichangplus.xyz/faq/#rec-13,DirectAnswer,建议-条件-检查点-内链,"全球云, 飞猫云, 暮光加速, 微风网络",/client-tips/,index,166,2026-09-23
faq-014,客服支持与工单评估,如何通过工单响应速度与支持文档评估服务质量？,机场推荐、选择方法与适用人群,问答咨询,客服支持与工单评估,"机场使用技巧, 进阶日常",ai_cluster,1800,+5%,unknown,unknown,unknown,85,rec-14,https://jichangplus.xyz/faq/#rec-14,DirectAnswer,建议-条件-检查点-内链,"全球云, 飞猫云, 暮光加速, 微风网络",/service/,index,163,2026-09-23
faq-015,跨操作系统选型注意事项,不同操作系统生态之间对机场兼容性的实际影响？,机场推荐、选择方法与适用人群,问答咨询,跨操作系统选型注意事项,"机场使用技巧, 进阶日常",ai_cluster,1800,+5%,unknown,unknown,unknown,85,rec-15,https://jichangplus.xyz/faq/#rec-15,DirectAnswer,建议-条件-检查点-内链,"全球云, 飞猫云, 暮光加速, 微风网络",/multi-device/,index,176,2026-09-23
faq-016,大户版流量套餐定位,大户版套餐适合哪些团队或特定个人使用场景？,机场推荐、选择方法与适用人群,问答咨询,大户版流量套餐定位,"机场使用技巧, 进阶日常",ai_cluster,1800,+5%,unknown,unknown,unknown,85,rec-16,https://jichangplus.xyz/faq/#rec-16,DirectAnswer,建议-条件-检查点-内链,"全球云, 飞猫云, 暮光加速, 微风网络",/service/,index,164,2026-09-23
faq-017,新上线小众机场评估,新上线的小众机场是否值得尝试与纳入备选？,机场推荐、选择方法与适用人群,问答咨询,新上线小众机场评估,"机场使用技巧, 进阶日常",ai_cluster,1800,+5%,unknown,unknown,unknown,85,rec-17,https://jichangplus.xyz/faq/#rec-17,DirectAnswer,建议-条件-检查点-内链,"全球云, 飞猫云, 暮光加速, 微风网络",/safe-use/,index,164,2026-09-23
faq-018,测评数据客观看待方法,如何合理利用机场测评数据而不盲从跑分排行？,机场推荐、选择方法与适用人群,问答咨询,测评数据客观看待方法,"机场使用技巧, 进阶日常",ai_cluster,1800,+5%,unknown,unknown,unknown,85,rec-18,https://jichangplus.xyz/faq/#rec-18,DirectAnswer,建议-条件-检查点-内链,"全球云, 飞猫云, 暮光加速, 微风网络",/service/,index,163,2026-09-23
faq-019,Clash模式区别解析,Clash 客户端规则模式与全局模式有什么本质区别？,Clash 客户端、订阅、兼容与常见问题,问答咨询,Clash模式区别解析,"机场使用技巧, 进阶日常",ai_cluster,1800,+5%,unknown,unknown,unknown,85,clash-01,https://jichangplus.xyz/faq/#clash-01,DirectAnswer,建议-条件-检查点-内链,"全球云, 飞猫云, 暮光加速, 微风网络",/client-tips/,index,163,2026-09-23
faq-020,Clash订阅更新失败排障,Clash 订阅配置经常更新失败应该按什么步骤排查？,Clash 客户端、订阅、兼容与常见问题,问答咨询,Clash订阅更新失败排障,"机场使用技巧, 进阶日常",ai_cluster,1800,+5%,unknown,unknown,unknown,85,clash-02,https://jichangplus.xyz/faq/#clash-02,DirectAnswer,建议-条件-检查点-内链,"全球云, 飞猫云, 暮光加速, 微风网络",/subscription-management/,index,166,2026-09-23
faq-021,Clash配置覆写实战,如何使用 Mixin 或扩展脚本防止自定义规则被覆盖？,Clash 客户端、订阅、兼容与常见问题,问答咨询,Clash配置覆写实战,"机场使用技巧, 进阶日常",ai_cluster,1800,+5%,unknown,unknown,unknown,85,clash-03,https://jichangplus.xyz/faq/#clash-03,DirectAnswer,建议-条件-检查点-内链,"全球云, 飞猫云, 暮光加速, 微风网络",/client-tips/,index,163,2026-09-23
faq-022,Mihomo内核优势解析,Clash Meta (Mihomo) 内核相比原版有哪些关键优势？,Clash 客户端、订阅、兼容与常见问题,问答咨询,Mihomo内核优势解析,"机场使用技巧, 进阶日常",ai_cluster,1800,+5%,unknown,unknown,unknown,85,clash-04,https://jichangplus.xyz/faq/#clash-04,DirectAnswer,建议-条件-检查点-内链,"全球云, 飞猫云, 暮光加速, 微风网络",/client-tips/,index,163,2026-09-23
faq-023,Clash国内网站异常排查,为什么 Clash 启动后系统部分国内网站打不开？,Clash 客户端、订阅、兼容与常见问题,问答咨询,Clash国内网站异常排查,"机场使用技巧, 进阶日常",ai_cluster,1800,+5%,unknown,unknown,unknown,85,clash-05,https://jichangplus.xyz/faq/#clash-05,DirectAnswer,建议-条件-检查点-内链,"全球云, 飞猫云, 暮光加速, 微风网络",/client-tips/,index,172,2026-09-23
faq-024,Clash节点重命名技巧,如何给 Clash 的节点列表进行自定义命名与分组？,Clash 客户端、订阅、兼容与常见问题,问答咨询,Clash节点重命名技巧,"机场使用技巧, 进阶日常",ai_cluster,1800,+5%,unknown,unknown,unknown,85,clash-06,https://jichangplus.xyz/faq/#clash-06,DirectAnswer,建议-条件-检查点-内链,"全球云, 飞猫云, 暮光加速, 微风网络",/traffic-nodes/,index,170,2026-09-23
faq-025,URL-Test策略消耗评估,Clash 的 URL-Test 自动优选策略组会导致流量浪费吗？,Clash 客户端、订阅、兼容与常见问题,问答咨询,URL-Test策略消耗评估,"机场使用技巧, 进阶日常",ai_cluster,1800,+5%,unknown,unknown,unknown,85,clash-07,https://jichangplus.xyz/faq/#clash-07,DirectAnswer,建议-条件-检查点-内链,"全球云, 飞猫云, 暮光加速, 微风网络",/traffic-nodes/,index,166,2026-09-23
faq-026,Clash Windows静默自启,在 Windows 上如何设置 Clash 开机自启与静默运行？,Clash 客户端、订阅、兼容与常见问题,问答咨询,Clash Windows静默自启,"机场使用技巧, 进阶日常",ai_cluster,1800,+5%,unknown,unknown,unknown,85,clash-08,https://jichangplus.xyz/faq/#clash-08,DirectAnswer,建议-条件-检查点-内链,"全球云, 飞猫云, 暮光加速, 微风网络",/multi-device/,index,177,2026-09-23
faq-027,macOS客户端权限配置,macOS 上使用 Clash Verge 时系统权限该如何赋予？,Clash 客户端、订阅、兼容与常见问题,问答咨询,macOS客户端权限配置,"机场使用技巧, 进阶日常",ai_cluster,1800,+5%,unknown,unknown,unknown,85,clash-09,https://jichangplus.xyz/faq/#clash-09,DirectAnswer,建议-条件-检查点-内链,"全球云, 飞猫云, 暮光加速, 微风网络",/multi-device/,index,166,2026-09-23
faq-028,Clash配置格式报错修复,Clash 配置文件格式错误导致无法启动怎么快速恢复？,Clash 客户端、订阅、兼容与常见问题,问答咨询,Clash配置格式报错修复,"机场使用技巧, 进阶日常",ai_cluster,1800,+5%,unknown,unknown,unknown,85,clash-10,https://jichangplus.xyz/faq/#clash-10,DirectAnswer,建议-条件-检查点-内链,"全球云, 飞猫云, 暮光加速, 微风网络",/subscription-management/,index,168,2026-09-23
faq-029,单应用绕过Clash配置,如何让部分不需要代理的本机软件绕过 Clash？,Clash 客户端、订阅、兼容与常见问题,问答咨询,单应用绕过Clash配置,"机场使用技巧, 进阶日常",ai_cluster,1800,+5%,unknown,unknown,unknown,85,clash-11,https://jichangplus.xyz/faq/#clash-11,DirectAnswer,建议-条件-检查点-内链,"全球云, 飞猫云, 暮光加速, 微风网络",/client-tips/,index,166,2026-09-23
faq-030,TUN虚拟网卡模式指南,Clash 开启 TUN 虚拟网卡模式有哪些使用注意事项？,Clash 客户端、订阅、兼容与常见问题,问答咨询,TUN虚拟网卡模式指南,"机场使用技巧, 进阶日常",ai_cluster,1800,+5%,unknown,unknown,unknown,85,clash-12,https://jichangplus.xyz/faq/#clash-12,DirectAnswer,建议-条件-检查点-内链,"全球云, 飞猫云, 暮光加速, 微风网络",/client-tips/,index,165,2026-09-23
faq-031,Clash多订阅并存配置,多条 Clash 订阅如何在同一个客户端中同时加载？,Clash 客户端、订阅、兼容与常见问题,问答咨询,Clash多订阅并存配置,"机场使用技巧, 进阶日常",ai_cluster,1800,+5%,unknown,unknown,unknown,85,clash-13,https://jichangplus.xyz/faq/#clash-13,DirectAnswer,建议-条件-检查点-内链,"全球云, 飞猫云, 暮光加速, 微风网络",/subscription-management/,index,164,2026-09-23
faq-032,Clash内存优化技巧,Clash 客户端长时间运行内存占用过高怎么优化？,Clash 客户端、订阅、兼容与常见问题,问答咨询,Clash内存优化技巧,"机场使用技巧, 进阶日常",ai_cluster,1800,+5%,unknown,unknown,unknown,85,clash-14,https://jichangplus.xyz/faq/#clash-14,DirectAnswer,建议-条件-检查点-内链,"全球云, 飞猫云, 暮光加速, 微风网络",/client-tips/,index,165,2026-09-23
faq-033,Shadowsocks协议原理解析,Shadowsocks (SS) 协议的基本原理与结构特点是什么？,SS / Shadowsocks 协议、兼容与基础知识,问答咨询,Shadowsocks协议原理解析,"机场使用技巧, 进阶日常",ai_cluster,1800,+5%,unknown,unknown,unknown,85,ss-01,https://jichangplus.xyz/faq/#ss-01,DirectAnswer,建议-条件-检查点-内链,"全球云, 飞猫云, 暮光加速, 微风网络",/client-tips/,index,164,2026-09-23
faq-034,SS AEAD加密算法科普,SS 协议目前常用的加密算法如 AEAD 是怎么回事？,SS / Shadowsocks 协议、兼容与基础知识,问答咨询,SS AEAD加密算法科普,"机场使用技巧, 进阶日常",ai_cluster,1800,+5%,unknown,unknown,unknown,85,ss-02,https://jichangplus.xyz/faq/#ss-02,DirectAnswer,建议-条件-检查点-内链,"全球云, 飞猫云, 暮光加速, 微风网络",/client-tips/,index,164,2026-09-23
faq-035,SS协议通用兼容性解析,为什么现代客户端普遍兼容 Shadowsocks 基础节点？,SS / Shadowsocks 协议、兼容与基础知识,问答咨询,SS协议通用兼容性解析,"机场使用技巧, 进阶日常",ai_cluster,1800,+5%,unknown,unknown,unknown,85,ss-03,https://jichangplus.xyz/faq/#ss-03,DirectAnswer,建议-条件-检查点-内链,"全球云, 飞猫云, 暮光加速, 微风网络",/client-tips/,index,163,2026-09-23
faq-036,SS多设备性能评估,Shadowsocks 节点在多设备环境下的性能表现如何？,SS / Shadowsocks 协议、兼容与基础知识,问答咨询,SS多设备性能评估,"机场使用技巧, 进阶日常",ai_cluster,1800,+5%,unknown,unknown,unknown,85,ss-04,https://jichangplus.xyz/faq/#ss-04,DirectAnswer,建议-条件-检查点-内链,"全球云, 飞猫云, 暮光加速, 微风网络",/multi-device/,index,166,2026-09-23
faq-037,SS分流规则配置指南,SS 节点如何配合分流规则实现日常平稳加速？,SS / Shadowsocks 协议、兼容与基础知识,问答咨询,SS分流规则配置指南,"机场使用技巧, 进阶日常",ai_cluster,1800,+5%,unknown,unknown,unknown,85,ss-05,https://jichangplus.xyz/faq/#ss-05,DirectAnswer,建议-条件-检查点-内链,"全球云, 飞猫云, 暮光加速, 微风网络",/traffic-nodes/,index,170,2026-09-23
faq-038,SSR与SS差异辨析,ShadowsocksR (SSR) 与原版 SS 之间有哪些核心差异？,SS / Shadowsocks 协议、兼容与基础知识,问答咨询,SSR与SS差异辨析,"机场使用技巧, 进阶日常",ai_cluster,1800,+5%,unknown,unknown,unknown,85,ss-06,https://jichangplus.xyz/faq/#ss-06,DirectAnswer,建议-条件-检查点-内链,"全球云, 飞猫云, 暮光加速, 微风网络",/client-tips/,index,167,2026-09-23
faq-039,SS防DNS泄漏检查,使用 SS 协议时如何检验是否存在 DNS 泄漏隐患？,SS / Shadowsocks 协议、兼容与基础知识,问答咨询,SS防DNS泄漏检查,"机场使用技巧, 进阶日常",ai_cluster,1800,+5%,unknown,unknown,unknown,85,ss-07,https://jichangplus.xyz/faq/#ss-07,DirectAnswer,建议-条件-检查点-内链,"全球云, 飞猫云, 暮光加速, 微风网络",/safe-use/,index,167,2026-09-23
faq-040,自建与机场SS对比,自建 SS 节点与商业机场提供的 SS 节点各有何优劣？,SS / Shadowsocks 协议、兼容与基础知识,问答咨询,自建与机场SS对比,"机场使用技巧, 进阶日常",ai_cluster,1800,+5%,unknown,unknown,unknown,85,ss-08,https://jichangplus.xyz/faq/#ss-08,DirectAnswer,建议-条件-检查点-内链,"全球云, 飞猫云, 暮光加速, 微风网络",/service/,index,167,2026-09-23
faq-041,SS混淆插件应用解析,Shadowsocks 插件如 v2ray-plugin 的作用与必要性？,SS / Shadowsocks 协议、兼容与基础知识,问答咨询,SS混淆插件应用解析,"机场使用技巧, 进阶日常",ai_cluster,1800,+5%,unknown,unknown,unknown,85,ss-09,https://jichangplus.xyz/faq/#ss-09,DirectAnswer,建议-条件-检查点-内链,"全球云, 飞猫云, 暮光加速, 微风网络",/client-tips/,index,171,2026-09-23
faq-042,SS节点链接编码科普,配置 Shadowsocks 链接时 URL Base64 编码该如何理解？,SS / Shadowsocks 协议、兼容与基础知识,问答咨询,SS节点链接编码科普,"机场使用技巧, 进阶日常",ai_cluster,1800,+5%,unknown,unknown,unknown,85,ss-10,https://jichangplus.xyz/faq/#ss-10,DirectAnswer,建议-条件-检查点-内链,"全球云, 飞猫云, 暮光加速, 微风网络",/subscription-management/,index,169,2026-09-23
faq-043,Trojan协议工作原理,Trojan 网络协议的核心伪装原理是怎样的？,Trojan 网络协议、客户端与常见问题,问答咨询,Trojan协议工作原理,"机场使用技巧, 进阶日常",ai_cluster,1800,+5%,unknown,unknown,unknown,85,trojan-01,https://jichangplus.xyz/faq/#trojan-01,DirectAnswer,建议-条件-检查点-内链,"全球云, 飞猫云, 暮光加速, 微风网络",/client-tips/,index,169,2026-09-23
faq-044,Trojan证书依赖解析,Trojan 协议需要依赖合法的 TLS 证书吗？,Trojan 网络协议、客户端与常见问题,问答咨询,Trojan证书依赖解析,"机场使用技巧, 进阶日常",ai_cluster,1800,+5%,unknown,unknown,unknown,85,trojan-02,https://jichangplus.xyz/faq/#trojan-02,DirectAnswer,建议-条件-检查点-内链,"全球云, 飞猫云, 暮光加速, 微风网络",/safe-use/,index,165,2026-09-23
faq-045,Trojan抗特征能力评估,为什么说 Trojan 协议对抗流量指纹识别相对更强？,Trojan 网络协议、客户端与常见问题,问答咨询,Trojan抗特征能力评估,"机场使用技巧, 进阶日常",ai_cluster,1800,+5%,unknown,unknown,unknown,85,trojan-03,https://jichangplus.xyz/faq/#trojan-03,DirectAnswer,建议-条件-检查点-内链,"全球云, 飞猫云, 暮光加速, 微风网络",/client-tips/,index,168,2026-09-23
faq-046,Trojan多端兼容现状,在各平台客户端中 Trojan 协议的兼容现状如何？,Trojan 网络协议、客户端与常见问题,问答咨询,Trojan多端兼容现状,"机场使用技巧, 进阶日常",ai_cluster,1800,+5%,unknown,unknown,unknown,85,trojan-04,https://jichangplus.xyz/faq/#trojan-04,DirectAnswer,建议-条件-检查点-内链,"全球云, 飞猫云, 暮光加速, 微风网络",/multi-device/,index,173,2026-09-23
faq-047,Trojan-Go扩展特性,Trojan-Go 相比原版 Trojan 增加了哪些扩展功能？,Trojan 网络协议、客户端与常见问题,问答咨询,Trojan-Go扩展特性,"机场使用技巧, 进阶日常",ai_cluster,1800,+5%,unknown,unknown,unknown,85,trojan-05,https://jichangplus.xyz/faq/#trojan-05,DirectAnswer,建议-条件-检查点-内链,"全球云, 飞猫云, 暮光加速, 微风网络",/client-tips/,index,169,2026-09-23
faq-048,Trojan证书报错排障,Trojan 节点握手失败最常见的证书报错有哪些？,Trojan 网络协议、客户端与常见问题,问答咨询,Trojan证书报错排障,"机场使用技巧, 进阶日常",ai_cluster,1800,+5%,unknown,unknown,unknown,85,trojan-06,https://jichangplus.xyz/faq/#trojan-06,DirectAnswer,建议-条件-检查点-内链,"全球云, 飞猫云, 暮光加速, 微风网络",/client-tips/,index,163,2026-09-23
faq-049,Trojan网络延迟分析,高延迟网络环境下 Trojan 的连接建立性能怎么样？,Trojan 网络协议、客户端与常见问题,问答咨询,Trojan网络延迟分析,"机场使用技巧, 进阶日常",ai_cluster,1800,+5%,unknown,unknown,unknown,85,trojan-07,https://jichangplus.xyz/faq/#trojan-07,DirectAnswer,建议-条件-检查点-内链,"全球云, 飞猫云, 暮光加速, 微风网络",/traffic-nodes/,index,168,2026-09-23
faq-050,Trojan日常客户端设置,日常使用 Trojan 协议需要注意哪些客户端设置？,Trojan 网络协议、客户端与常见问题,问答咨询,Trojan日常客户端设置,"机场使用技巧, 进阶日常",ai_cluster,1800,+5%,unknown,unknown,unknown,85,trojan-08,https://jichangplus.xyz/faq/#trojan-08,DirectAnswer,建议-条件-检查点-内链,"全球云, 飞猫云, 暮光加速, 微风网络",/safe-use/,index,164,2026-09-23
faq-051,Trojan多设备并发支持,Trojan 节点能支持多设备同时并发长连接吗？,Trojan 网络协议、客户端与常见问题,问答咨询,Trojan多设备并发支持,"机场使用技巧, 进阶日常",ai_cluster,1800,+5%,unknown,unknown,unknown,85,trojan-09,https://jichangplus.xyz/faq/#trojan-09,DirectAnswer,建议-条件-检查点-内链,"全球云, 飞猫云, 暮光加速, 微风网络",/multi-device/,index,166,2026-09-23
faq-052,Trojan流媒体传输表现,Trojan 协议适合用来传输超大文件与高清流媒体吗？,Trojan 网络协议、客户端与常见问题,问答咨询,Trojan流媒体传输表现,"机场使用技巧, 进阶日常",ai_cluster,1800,+5%,unknown,unknown,unknown,85,trojan-10,https://jichangplus.xyz/faq/#trojan-10,DirectAnswer,建议-条件-检查点-内链,"全球云, 飞猫云, 暮光加速, 微风网络",/traffic-nodes/,index,165,2026-09-23
faq-053,梯子口语概念中立辨析,口语中常说的梯子和网络代理服务是同一个概念吗？,梯子口语搜索、服务选择与风险提示,问答咨询,梯子口语概念中立辨析,"机场使用技巧, 进阶日常",ai_cluster,1800,+5%,unknown,unknown,unknown,85,tizi-01,https://jichangplus.xyz/faq/#tizi-01,DirectAnswer,建议-条件-检查点-内链,"全球云, 飞猫云, 暮光加速, 微风网络",/faq/,index,166,2026-09-23
faq-054,新手梯子安全入门常识,新手在接触网络梯子工具时首先应建立什么安全常识？,梯子口语搜索、服务选择与风险提示,问答咨询,新手梯子安全入门常识,"机场使用技巧, 进阶日常",ai_cluster,1800,+5%,unknown,unknown,unknown,85,tizi-02,https://jichangplus.xyz/faq/#tizi-02,DirectAnswer,建议-条件-检查点-内链,"全球云, 飞猫云, 暮光加速, 微风网络",/safe-use/,index,166,2026-09-23
faq-055,免费网络服务风险提示,网上搜寻所谓免费梯子存在哪些不可控的隐私隐患？,梯子口语搜索、服务选择与风险提示,问答咨询,免费网络服务风险提示,"机场使用技巧, 进阶日常",ai_cluster,1800,+5%,unknown,unknown,unknown,85,tizi-03,https://jichangplus.xyz/faq/#tizi-03,DirectAnswer,建议-条件-检查点-内链,"全球云, 飞猫云, 暮光加速, 微风网络",/safe-use/,index,167,2026-09-23
faq-056,网络服务协议核对技巧,选择商业梯子服务时如何核对退款与服务协议边界？,梯子口语搜索、服务选择与风险提示,问答咨询,网络服务协议核对技巧,"机场使用技巧, 进阶日常",ai_cluster,1800,+5%,unknown,unknown,unknown,85,tizi-04,https://jichangplus.xyz/faq/#tizi-04,DirectAnswer,建议-条件-检查点-内链,"全球云, 飞猫云, 暮光加速, 微风网络",/service/,index,165,2026-09-23
faq-057,网络工具合规使用准则,为什么使用网络工具时必须严格遵守当地法律法规？,梯子口语搜索、服务选择与风险提示,问答咨询,网络工具合规使用准则,"机场使用技巧, 进阶日常",ai_cluster,1800,+5%,unknown,unknown,unknown,85,tizi-05,https://jichangplus.xyz/faq/#tizi-05,DirectAnswer,建议-条件-检查点-内链,"全球云, 飞猫云, 暮光加速, 微风网络",/safe-use/,index,165,2026-09-23
faq-058,家庭共用网络使用约定,家庭多人共用梯子网络需要提前做哪些规则约定？,梯子口语搜索、服务选择与风险提示,问答咨询,家庭共用网络使用约定,"机场使用技巧, 进阶日常",ai_cluster,1800,+5%,unknown,unknown,unknown,85,tizi-06,https://jichangplus.xyz/faq/#tizi-06,DirectAnswer,建议-条件-检查点-内链,"全球云, 飞猫云, 暮光加速, 微风网络",/multi-device/,index,166,2026-09-23
faq-059,识别钓鱼网络服务应用,如何识别打着梯子幌子的钓鱼网站与诈骗应用？,梯子口语搜索、服务选择与风险提示,问答咨询,识别钓鱼网络服务应用,"机场使用技巧, 进阶日常",ai_cluster,1800,+5%,unknown,unknown,unknown,85,tizi-07,https://jichangplus.xyz/faq/#tizi-07,DirectAnswer,建议-条件-检查点-内链,"全球云, 飞猫云, 暮光加速, 微风网络",/safe-use/,index,168,2026-09-23
faq-060,梯子日常卡顿快速排查,日常网络连接中遇到梯子卡顿时应优先从哪自查？,梯子口语搜索、服务选择与风险提示,问答咨询,梯子日常卡顿快速排查,"机场使用技巧, 进阶日常",ai_cluster,1800,+5%,unknown,unknown,unknown,85,tizi-08,https://jichangplus.xyz/faq/#tizi-08,DirectAnswer,建议-条件-检查点-内链,"全球云, 飞猫云, 暮光加速, 微风网络",/traffic-nodes/,index,168,2026-09-23
faq-061,节点倍率计算深度科普,机场节点的倍率到底是什么意思？如何计算扣费？,节点、地区、延迟、线路和倍率,问答咨询,节点倍率计算深度科普,"机场使用技巧, 进阶日常",ai_cluster,1800,+5%,unknown,unknown,unknown,85,node-01,https://jichangplus.xyz/faq/#node-01,DirectAnswer,建议-条件-检查点-内链,"全球云, 飞猫云, 暮光加速, 微风网络",/traffic-nodes/,index,165,2026-09-23
faq-062,香港与日本节点对比,香港节点和日本节点在日常使用中有哪些优劣差异？,节点、地区、延迟、线路和倍率,问答咨询,香港与日本节点对比,"机场使用技巧, 进阶日常",ai_cluster,1800,+5%,unknown,unknown,unknown,85,node-02,https://jichangplus.xyz/faq/#node-02,DirectAnswer,建议-条件-检查点-内链,"全球云, 飞猫云, 暮光加速, 微风网络",/traffic-nodes/,index,165,2026-09-23
faq-063,新加坡与美西节点定位,新加坡与美西节点适合承载哪些特定网络需求？,节点、地区、延迟、线路和倍率,问答咨询,新加坡与美西节点定位,"机场使用技巧, 进阶日常",ai_cluster,1800,+5%,unknown,unknown,unknown,85,node-03,https://jichangplus.xyz/faq/#node-03,DirectAnswer,建议-条件-检查点-内链,"全球云, 飞猫云, 暮光加速, 微风网络",/traffic-nodes/,index,165,2026-09-23
faq-064,IEPL与IPLC专线科普,IEPL 与 IPLC 专线相比直连公网中继优势在哪里？,节点、地区、延迟、线路和倍率,问答咨询,IEPL与IPLC专线科普,"机场使用技巧, 进阶日常",ai_cluster,1800,+5%,unknown,unknown,unknown,85,node-04,https://jichangplus.xyz/faq/#node-04,DirectAnswer,建议-条件-检查点-内链,"全球云, 飞猫云, 暮光加速, 微风网络",/traffic-nodes/,index,167,2026-09-23
faq-065,低延迟打开网页慢排障,为什么节点测速显示延迟很低但实际打开网页很慢？,节点、地区、延迟、线路和倍率,问答咨询,低延迟打开网页慢排障,"机场使用技巧, 进阶日常",ai_cluster,1800,+5%,unknown,unknown,unknown,85,node-05,https://jichangplus.xyz/faq/#node-05,DirectAnswer,建议-条件-检查点-内链,"全球云, 飞猫云, 暮光加速, 微风网络",/traffic-nodes/,index,166,2026-09-23
faq-066,节点丢包率高应对方案,节点发生丢包率飙升的常见原因与临时避坑措施？,节点、地区、延迟、线路和倍率,问答咨询,节点丢包率高应对方案,"机场使用技巧, 进阶日常",ai_cluster,1800,+5%,unknown,unknown,unknown,85,node-06,https://jichangplus.xyz/faq/#node-06,DirectAnswer,建议-条件-检查点-内链,"全球云, 飞猫云, 暮光加速, 微风网络",/traffic-nodes/,index,165,2026-09-23
faq-067,节点分类收藏管理方法,如何给常用的核心节点建立分类标签与收藏列表？,节点、地区、延迟、线路和倍率,问答咨询,节点分类收藏管理方法,"机场使用技巧, 进阶日常",ai_cluster,1800,+5%,unknown,unknown,unknown,85,node-07,https://jichangplus.xyz/faq/#node-07,DirectAnswer,建议-条件-检查点-内链,"全球云, 飞猫云, 暮光加速, 微风网络",/traffic-nodes/,index,164,2026-09-23
faq-068,出口IP类型与风控影响,不同地区的出口 IP 属性对访问部分网络服务有何影响？,节点、地区、延迟、线路和倍率,问答咨询,出口IP类型与风控影响,"机场使用技巧, 进阶日常",ai_cluster,1800,+5%,unknown,unknown,unknown,85,node-08,https://jichangplus.xyz/faq/#node-08,DirectAnswer,建议-条件-检查点-内链,"全球云, 飞猫云, 暮光加速, 微风网络",/safe-use/,index,168,2026-09-23
faq-069,频繁测速流量损耗测算,机场每天自动测速和高频测速会消耗很多自身流量吗？,节点、地区、延迟、线路和倍率,问答咨询,频繁测速流量损耗测算,"机场使用技巧, 进阶日常",ai_cluster,1800,+5%,unknown,unknown,unknown,85,node-09,https://jichangplus.xyz/faq/#node-09,DirectAnswer,建议-条件-检查点-内链,"全球云, 飞猫云, 暮光加速, 微风网络",/traffic-nodes/,index,165,2026-09-23
faq-070,冷门地区节点实际应用,冷门国家节点（如阿根廷、土耳其）有什么实际价值？,节点、地区、延迟、线路和倍率,问答咨询,冷门地区节点实际应用,"机场使用技巧, 进阶日常",ai_cluster,1800,+5%,unknown,unknown,unknown,85,node-10,https://jichangplus.xyz/faq/#node-10,DirectAnswer,建议-条件-检查点-内链,"全球云, 飞猫云, 暮光加速, 微风网络",/traffic-nodes/,index,165,2026-09-23
faq-071,晚高峰节点拥堵原理解析,为什么晚高峰期间部分平价节点延迟会明显增大？,节点、地区、延迟、线路和倍率,问答咨询,晚高峰节点拥堵原理解析,"机场使用技巧, 进阶日常",ai_cluster,1800,+5%,unknown,unknown,unknown,85,node-11,https://jichangplus.xyz/faq/#node-11,DirectAnswer,建议-条件-检查点-内链,"全球云, 飞猫云, 暮光加速, 微风网络",/service/,index,164,2026-09-23
faq-072,机场线路拓扑结构解析,多入口单出口与单入口多出口的线路拓扑该怎么看？,节点、地区、延迟、线路和倍率,问答咨询,机场线路拓扑结构解析,"机场使用技巧, 进阶日常",ai_cluster,1800,+5%,unknown,unknown,unknown,85,node-12,https://jichangplus.xyz/faq/#node-12,DirectAnswer,建议-条件-检查点-内链,"全球云, 飞猫云, 暮光加速, 微风网络",/traffic-nodes/,index,165,2026-09-23
faq-073,Fallback故障转移配置,如何利用客户端的故障转移 (Fallback) 保持连接可用？,节点、地区、延迟、线路和倍率,问答咨询,Fallback故障转移配置,"机场使用技巧, 进阶日常",ai_cluster,1800,+5%,unknown,unknown,unknown,85,node-13,https://jichangplus.xyz/faq/#node-13,DirectAnswer,建议-条件-检查点-内链,"全球云, 飞猫云, 暮光加速, 微风网络",/client-tips/,index,165,2026-09-23
faq-074,BGP与Anycast术语解释,节点命名中的 BGP、Anycast 分别代表什么含义？,节点、地区、延迟、线路和倍率,问答咨询,BGP与Anycast术语解释,"机场使用技巧, 进阶日常",ai_cluster,1800,+5%,unknown,unknown,unknown,85,node-14,https://jichangplus.xyz/faq/#node-14,DirectAnswer,建议-条件-检查点-内链,"全球云, 飞猫云, 暮光加速, 微风网络",/traffic-nodes/,index,171,2026-09-23
faq-075,月付与年付决策平衡,购买机场套餐时按月付费与按年付费哪种更稳妥？,套餐、价格、流量、付款周期和优惠码,问答咨询,月付与年付决策平衡,"机场使用技巧, 进阶日常",ai_cluster,1800,+5%,unknown,unknown,unknown,85,plan-01,https://jichangplus.xyz/faq/#plan-01,DirectAnswer,建议-条件-检查点-内链,"全球云, 飞猫云, 暮光加速, 微风网络",/service/,index,166,2026-09-23
faq-076,流量重置周期规则说明,套餐内每月流量到了结算日会自动清零重置吗？,套餐、价格、流量、付款周期和优惠码,问答咨询,流量重置周期规则说明,"机场使用技巧, 进阶日常",ai_cluster,1800,+5%,unknown,unknown,unknown,85,plan-02,https://jichangplus.xyz/faq/#plan-02,DirectAnswer,建议-条件-检查点-内链,"全球云, 飞猫云, 暮光加速, 微风网络",/traffic-nodes/,index,165,2026-09-23
faq-077,不限时流量包适用画像,一次性不限时流量包适合哪种特定网络使用习惯？,套餐、价格、流量、付款周期和优惠码,问答咨询,不限时流量包适用画像,"机场使用技巧, 进阶日常",ai_cluster,1800,+5%,unknown,unknown,unknown,85,plan-03,https://jichangplus.xyz/faq/#plan-03,DirectAnswer,建议-条件-检查点-内链,"全球云, 飞猫云, 暮光加速, 微风网络",/service/,index,165,2026-09-23
faq-078,虚标流量与隐性倍率排查,为什么有些便宜套餐标称 1TB 却经常提前用完？,套餐、价格、流量、付款周期和优惠码,问答咨询,虚标流量与隐性倍率排查,"机场使用技巧, 进阶日常",ai_cluster,1800,+5%,unknown,unknown,unknown,85,plan-04,https://jichangplus.xyz/faq/#plan-04,DirectAnswer,建议-条件-检查点-内链,"全球云, 飞猫云, 暮光加速, 微风网络",/traffic-nodes/,index,169,2026-09-23
faq-079,优惠码无效排查指引,使用机场优惠码结算时遇到无效提示该怎么处理？,套餐、价格、流量、付款周期和优惠码,问答咨询,优惠码无效排查指引,"机场使用技巧, 进阶日常",ai_cluster,1800,+5%,unknown,unknown,unknown,85,plan-05,https://jichangplus.xyz/faq/#plan-05,DirectAnswer,建议-条件-检查点-内链,"全球云, 飞猫云, 暮光加速, 微风网络",/service/,index,166,2026-09-23
faq-080,套餐档位梯级差异对比,不同套餐档位（如轻量版与进阶版）的核心差距在哪？,套餐、价格、流量、付款周期和优惠码,问答咨询,套餐档位梯级差异对比,"机场使用技巧, 进阶日常",ai_cluster,1800,+5%,unknown,unknown,unknown,85,plan-06,https://jichangplus.xyz/faq/#plan-06,DirectAnswer,建议-条件-检查点-内链,"全球云, 飞猫云, 暮光加速, 微风网络",/service/,index,166,2026-09-23
faq-081,套餐变动应对策略建议,遇到机场临时上调价格或调整套餐规格时该怎么办？,套餐、价格、流量、付款周期和优惠码,问答咨询,套餐变动应对策略建议,"机场使用技巧, 进阶日常",ai_cluster,1800,+5%,unknown,unknown,unknown,85,plan-07,https://jichangplus.xyz/faq/#plan-07,DirectAnswer,建议-条件-检查点-内链,"全球云, 飞猫云, 暮光加速, 微风网络",/subscription-management/,index,166,2026-09-23
faq-082,网络流量预算规划指南,如何为个人或小微工作室制定合理的月度流量预算？,套餐、价格、流量、付款周期和优惠码,问答咨询,网络流量预算规划指南,"机场使用技巧, 进阶日常",ai_cluster,1800,+5%,unknown,unknown,unknown,85,plan-08,https://jichangplus.xyz/faq/#plan-08,DirectAnswer,建议-条件-检查点-内链,"全球云, 飞猫云, 暮光加速, 微风网络",/traffic-nodes/,index,171,2026-09-23
faq-083,支付渠道与隐私安全建议,机场支持的支付渠道有哪些？如何保障支付隐私？,套餐、价格、流量、付款周期和优惠码,问答咨询,支付渠道与隐私安全建议,"机场使用技巧, 进阶日常",ai_cluster,1800,+5%,unknown,unknown,unknown,85,plan-09,https://jichangplus.xyz/faq/#plan-09,DirectAnswer,建议-条件-检查点-内链,"全球云, 飞猫云, 暮光加速, 微风网络",/safe-use/,index,165,2026-09-23
faq-084,月底流量急救节流方案,套餐快用完时如何克制消耗以支撑到重置日？,套餐、价格、流量、付款周期和优惠码,问答咨询,月底流量急救节流方案,"机场使用技巧, 进阶日常",ai_cluster,1800,+5%,unknown,unknown,unknown,85,plan-10,https://jichangplus.xyz/faq/#plan-10,DirectAnswer,建议-条件-检查点-内链,"全球云, 飞猫云, 暮光加速, 微风网络",/traffic-nodes/,index,166,2026-09-23
faq-085,多设备同订阅冲突解析,多台设备同时使用同一个订阅链接会有冲突吗？,多设备、订阅导入、客户端和系统兼容,问答咨询,多设备同订阅冲突解析,"机场使用技巧, 进阶日常",ai_cluster,1800,+5%,unknown,unknown,unknown,85,device-01,https://jichangplus.xyz/faq/#device-01,DirectAnswer,建议-条件-检查点-内链,"全球云, 飞猫云, 暮光加速, 微风网络",/multi-device/,index,165,2026-09-23
faq-086,路由器网关与单机协同,家庭路由器上部署科学网络与单机客户端如何配合？,多设备、订阅导入、客户端和系统兼容,问答咨询,路由器网关与单机协同,"机场使用技巧, 进阶日常",ai_cluster,1800,+5%,unknown,unknown,unknown,85,device-02,https://jichangplus.xyz/faq/#device-02,DirectAnswer,建议-条件-检查点-内链,"全球云, 飞猫云, 暮光加速, 微风网络",/multi-device/,index,165,2026-09-23
faq-087,苹果生态规则多端同步,iPhone 与 Mac 之间如何通过 iCloud 同步代理规则？,多设备、订阅导入、客户端和系统兼容,问答咨询,苹果生态规则多端同步,"机场使用技巧, 进阶日常",ai_cluster,1800,+5%,unknown,unknown,unknown,85,device-03,https://jichangplus.xyz/faq/#device-03,DirectAnswer,建议-条件-检查点-内链,"全球云, 飞猫云, 暮光加速, 微风网络",/multi-device/,index,172,2026-09-23
faq-088,安卓后台保活配置步骤,Android 系统后台经常杀掉客户端进程该如何常驻？,多设备、订阅导入、客户端和系统兼容,问答咨询,安卓后台保活配置步骤,"机场使用技巧, 进阶日常",ai_cluster,1800,+5%,unknown,unknown,unknown,85,device-04,https://jichangplus.xyz/faq/#device-04,DirectAnswer,建议-条件-检查点-内链,"全球云, 飞猫云, 暮光加速, 微风网络",/multi-device/,index,166,2026-09-23
faq-089,双系统订阅配置复用,如何在 Windows 与 Linux 双系统之间复用订阅数据？,多设备、订阅导入、客户端和系统兼容,问答咨询,双系统订阅配置复用,"机场使用技巧, 进阶日常",ai_cluster,1800,+5%,unknown,unknown,unknown,85,device-05,https://jichangplus.xyz/faq/#device-05,DirectAnswer,建议-条件-检查点-内链,"全球云, 飞猫云, 暮光加速, 微风网络",/client-tips/,index,167,2026-09-23
faq-090,iPad设备网络协同配置,iPad 作为外接第二屏幕时如何保持代理网络同步？,多设备、订阅导入、客户端和系统兼容,问答咨询,iPad设备网络协同配置,"机场使用技巧, 进阶日常",ai_cluster,1800,+5%,unknown,unknown,unknown,85,device-06,https://jichangplus.xyz/faq/#device-06,DirectAnswer,建议-条件-检查点-内链,"全球云, 飞猫云, 暮光加速, 微风网络",/multi-device/,index,168,2026-09-23
faq-091,局域网共享代理实战,局域网共享代理 (Allow LAN) 适合哪些应用场景？,多设备、订阅导入、客户端和系统兼容,问答咨询,局域网共享代理实战,"机场使用技巧, 进阶日常",ai_cluster,1800,+5%,unknown,unknown,unknown,85,device-07,https://jichangplus.xyz/faq/#device-07,DirectAnswer,建议-条件-检查点-内链,"全球云, 飞猫云, 暮光加速, 微风网络",/multi-device/,index,165,2026-09-23
faq-092,换机网络配置一键迁移,换新手机或新电脑时如何快速迁移全套网络配置？,多设备、订阅导入、客户端和系统兼容,问答咨询,换机网络配置一键迁移,"机场使用技巧, 进阶日常",ai_cluster,1800,+5%,unknown,unknown,unknown,85,device-08,https://jichangplus.xyz/faq/#device-08,DirectAnswer,建议-条件-检查点-内链,"全球云, 飞猫云, 暮光加速, 微风网络",/subscription-management/,index,167,2026-09-23
faq-093,全节点超时故障自查五步,节点全部超时显示红点无法连接该按什么顺序自查？,故障排查、退款、隐私、安全与购买前须知,问答咨询,全节点超时故障自查五步,"机场使用技巧, 进阶日常",ai_cluster,1800,+5%,unknown,unknown,unknown,85,safe-01,https://jichangplus.xyz/faq/#safe-01,DirectAnswer,建议-条件-检查点-内链,"全球云, 飞猫云, 暮光加速, 微风网络",/subscription-management/,index,168,2026-09-23
faq-094,系统软件不走代理排障,浏览器能正常上网但部分系统软件无法联网怎么解决？,故障排查、退款、隐私、安全与购买前须知,问答咨询,系统软件不走代理排障,"机场使用技巧, 进阶日常",ai_cluster,1800,+5%,unknown,unknown,unknown,85,safe-02,https://jichangplus.xyz/faq/#safe-02,DirectAnswer,建议-条件-检查点-内链,"全球云, 飞猫云, 暮光加速, 微风网络",/client-tips/,index,168,2026-09-23
faq-095,网络加密有效性核实,如何判断当前网络连接是否真正做到了隐私加密？,故障排查、退款、隐私、安全与购买前须知,问答咨询,网络加密有效性核实,"机场使用技巧, 进阶日常",ai_cluster,1800,+5%,unknown,unknown,unknown,85,safe-03,https://jichangplus.xyz/faq/#safe-03,DirectAnswer,建议-条件-检查点-内链,"全球云, 飞猫云, 暮光加速, 微风网络",/safe-use/,index,167,2026-09-23
faq-096,购买前四项必查清单,购买机场服务前应该重点核对的四条关键信息是什么？,故障排查、退款、隐私、安全与购买前须知,问答咨询,购买前四项必查清单,"机场使用技巧, 进阶日常",ai_cluster,1800,+5%,unknown,unknown,unknown,85,safe-04,https://jichangplus.xyz/faq/#safe-04,DirectAnswer,建议-条件-检查点-内链,"全球云, 飞猫云, 暮光加速, 微风网络",/service/,index,166,2026-09-23
faq-097,账户凭证丢失应急找回,账号密码不小心忘记或注册邮箱无法使用怎么办？,故障排查、退款、隐私、安全与购买前须知,问答咨询,账户凭证丢失应急找回,"机场使用技巧, 进阶日常",ai_cluster,1800,+5%,unknown,unknown,unknown,85,safe-05,https://jichangplus.xyz/faq/#safe-05,DirectAnswer,建议-条件-检查点-内链,"全球云, 飞猫云, 暮光加速, 微风网络",/safe-use/,index,167,2026-09-23
faq-098,服务维护公告获取途径,服务商遭遇不可抗力维护时如何获取最新通知动态？,故障排查、退款、隐私、安全与购买前须知,问答咨询,服务维护公告获取途径,"机场使用技巧, 进阶日常",ai_cluster,1800,+5%,unknown,unknown,unknown,85,safe-06,https://jichangplus.xyz/faq/#safe-06,DirectAnswer,建议-条件-检查点-内链,"全球云, 飞猫云, 暮光加速, 微风网络",/subscription-management/,index,165,2026-09-23
faq-099,网络工具匿名性边界警示,使用机场网络是否意味着可以进行匿名或敏感行为？,故障排查、退款、隐私、安全与购买前须知,问答咨询,网络工具匿名性边界警示,"机场使用技巧, 进阶日常",ai_cluster,1800,+5%,unknown,unknown,unknown,85,safe-07,https://jichangplus.xyz/faq/#safe-07,DirectAnswer,建议-条件-检查点-内链,"全球云, 飞猫云, 暮光加速, 微风网络",/safe-use/,index,165,2026-09-23
faq-100,服务退款沟通通用规范,遇到不满意想要申请退款时有哪些通用的注意事项？,故障排查、退款、隐私、安全与购买前须知,问答咨询,服务退款沟通通用规范,"机场使用技巧, 进阶日常",ai_cluster,1800,+5%,unknown,unknown,unknown,85,safe-08,https://jichangplus.xyz/faq/#safe-08,DirectAnswer,建议-条件-检查点-内链,"全球云, 飞猫云, 暮光加速, 微风网络",/service/,index,163,2026-09-23
