keyword,normalized_keyword,impressions,trend,cluster,intent,public_status,primary_url,supporting_urls,placement_plan,notes
机场使用技巧,机场使用技巧,32500,+15%,核心使用,进阶指导,公开使用,https://jichangplus.xyz/,"/subscription-management/, /client-tips/","首页Title, H1, 导航",全站第一核心词
机场进阶教程,机场进阶教程,28400,+20%,系列教程,进阶学习,公开使用,https://jichangplus.xyz/series/,/subscription-management/,"系列导读落地页, 首页Hero",主干意图词
机场订阅管理,机场订阅管理,24100,+12%,订阅维护,日常管理,公开使用,https://jichangplus.xyz/subscription-management/,/faq/,"订阅管理落地页, Meta",核心栏目词
机场多设备使用,机场多设备使用,19800,+18%,多端协同,配置指南,公开使用,https://jichangplus.xyz/multi-device/,/service/,多设备落地页,核心栏目词
机场流量管理,机场流量管理,17600,+10%,流量规划,优化节流,公开使用,https://jichangplus.xyz/traffic-nodes/,/subscription-management/,流量与节点落地页,核心栏目词
JichangPlus 机场加,JichangPlus 机场加,15000,+25%,品牌词,品牌认知,公开使用,https://jichangplus.xyz/about/,/,"全站Logo, 标题后缀, 页脚",独立品牌词
机场日常使用,机场日常使用,14200,+8%,日常习惯,经验指南,公开使用,https://jichangplus.xyz/subscription-management/,/,"正文首段, 面包屑",辅助核心词
机场订阅更新,机场订阅更新,13800,+14%,订阅维护,操作指导,公开使用,https://jichangplus.xyz/subscription-management/,/faq/,文章标题与H2,高展现意图词
机场节点管理,机场节点管理,12500,+9%,节点维护,整理技巧,公开使用,https://jichangplus.xyz/traffic-nodes/,/subscription-management/,文章标题与列表,高展现意图词
机场流量怎么算,机场流量怎么算,11800,+16%,流量原理,知识科普,公开使用,https://jichangplus.xyz/traffic-nodes/,/faq/,流量科普文章标题,用户疑问词
机场流量不够用,机场流量不够用,11200,+11%,流量排障,省流方案,公开使用,https://jichangplus.xyz/traffic-nodes/,/service/,排障优化长文,高意图痛点词
机场多设备共享,机场多设备共享,10500,+22%,多端协同,家庭共享,公开使用,https://jichangplus.xyz/multi-device/,/faq/,家庭多设备文章,高转化意图词
机场客户端设置,机场客户端设置,9800,+7%,客户端技巧,配置指南,公开使用,https://jichangplus.xyz/client-tips/,/series/,客户端栏目,通用指导词
机场测速技巧,机场测速技巧,8900,+5%,网络测评,使用习惯,公开使用,https://jichangplus.xyz/traffic-nodes/,/faq/,测速方法长文,习惯引导词
机场节点选择,机场节点选择,16400,+13%,节点策略,选择方法,公开使用,https://jichangplus.xyz/traffic-nodes/,/service/,节点地区文章,高意图词
机场安全使用,机场安全使用,8500,+17%,安全防护,防护建议,公开使用,https://jichangplus.xyz/safe-use/,/about/,安全栏目落地页,核心合规词
机场账号管理,机场账号管理,7800,+6%,安全防护,账号维护,公开使用,https://jichangplus.xyz/safe-use/,/faq/,安全设置长文,管理长尾词
Clash 使用技巧,Clash 使用技巧,18200,+21%,客户端进阶,高级配置,公开使用,https://jichangplus.xyz/client-tips/,/multi-device/,客户端技巧文章,主流客户端词
Shadowrocket 使用技巧,Shadowrocket 使用技巧,14300,+12%,客户端进阶,移动优化,公开使用,https://jichangplus.xyz/client-tips/,/multi-device/,小火箭技巧长文,iOS端核心词
Stash 使用技巧,Stash 使用技巧,8600,+15%,客户端进阶,规则覆写,公开使用,https://jichangplus.xyz/client-tips/,/subscription-management/,Stash进阶长文,进阶客户端词
sing-box 使用技巧,sing-box 使用技巧,12400,+35%,客户端进阶,核心路由,公开使用,https://jichangplus.xyz/client-tips/,/faq/,sing-box专题文章,新兴热门词
Windows 机场设置,Windows 机场设置,13100,+8%,系统适配,桌面配置,公开使用,https://jichangplus.xyz/multi-device/,/client-tips/,Windows协同长文,桌面端词
Mac 机场设置,Mac 机场设置,11600,+10%,系统适配,macOS配置,公开使用,https://jichangplus.xyz/multi-device/,/client-tips/,Mac协同长文,桌面端词
iPhone 机场设置,iPhone 机场设置,15200,+14%,系统适配,移动配置,公开使用,https://jichangplus.xyz/multi-device/,/client-tips/,iOS协同长文,移动端核心词
Android 机场设置,Android 机场设置,10900,+9%,系统适配,移动配置,公开使用,https://jichangplus.xyz/multi-device/,/client-tips/,Android协同长文,移动端词
网络工具使用习惯,网络工具使用习惯,7200,+19%,安全习惯,理念指引,公开使用,https://jichangplus.xyz/safe-use/,/,安全文章首段,品牌理念词
性价比机场,性价比机场,28260,+10%,商业对比,选购参考,公开使用,https://jichangplus.xyz/service/,/providers/,服务说明与对比页,研究数据高展现词
机场推荐,机场推荐,24100,+12%,商业推荐,服务选择,公开使用,https://jichangplus.xyz/service/,/providers/quanqiu-cloud/,"服务说明页, 卡片内链",研究数据高展现词
Clash 机场推荐,Clash 机场推荐,18500,+15%,客户端推荐,兼容性,公开使用,https://jichangplus.xyz/service/,/client-tips/,客户端服务说明,研究数据高展现词
便宜机场,便宜机场,16800,+8%,商业对比,预算选择,公开使用,https://jichangplus.xyz/service/,/providers/flycat-cloud/,轻量服务适配文章,研究数据高展现词
稳定机场,稳定机场,15400,+11%,稳定性,专线质量,公开使用,https://jichangplus.xyz/service/,/traffic-nodes/,线路对比长文,研究数据高展现词
机场节点推荐,机场节点推荐,14100,+9%,节点推荐,地区覆盖,公开使用,https://jichangplus.xyz/traffic-nodes/,/service/,节点与地区文章,研究数据高展现词
机场优惠码,机场优惠码,12900,+14%,优惠折扣,价格核验,公开使用,https://jichangplus.xyz/service/,/providers/,服务卡片与优惠信息,研究数据高展现词
Trojan 协议,Trojan 协议,26814,+8%,协议知识,协议科普,公开使用,https://jichangplus.xyz/faq/,/client-tips/,FAQ及协议相关章节,研究数据高展现词
SSR 协议,SSR 协议,30934,-5%,协议知识,历史协议,公开使用,https://jichangplus.xyz/faq/,/client-tips/,FAQ及协议历史章节,研究数据高展现词
Shadowsocks 协议,Shadowsocks 协议,22500,+6%,协议知识,基础协议,公开使用,https://jichangplus.xyz/faq/,/client-tips/,FAQ及协议解析章节,研究数据高展现词
梯子日常使用技巧,梯子日常使用技巧,12400,+10%,口语场景,中立技巧,公开使用,https://jichangplus.xyz/faq/,/safe-use/,FAQ口语问答,中立口语搜索词
科学上网,科学上网,0,0%,合规拦截,违规词,不用于公开页面,,,内部研究标记,合规禁止使用
翻墙教程,翻墙教程,0,0%,合规拦截,违规词,不用于公开页面,,,内部研究标记,合规禁止使用
三毛机场,三毛机场,0,0%,竞品博客,参考者,不用于公开页面,,,参考发布者黑名单,严禁公开使用
猫梦博客,猫梦博客,0,0%,竞品博客,参考者,不用于公开页面,,,参考发布者黑名单,严禁公开使用
机场进阶管理与技巧长尾_1,机场进阶管理与技巧长尾_1,1250,+5%,进阶长尾,长尾解决,公开使用,https://jichangplus.xyz/faq/,/subscription-management/,FAQ与长文内链,长尾细分覆盖
机场进阶管理与技巧长尾_2,机场进阶管理与技巧长尾_2,1300,+5%,进阶长尾,长尾解决,公开使用,https://jichangplus.xyz/faq/,/subscription-management/,FAQ与长文内链,长尾细分覆盖
机场进阶管理与技巧长尾_3,机场进阶管理与技巧长尾_3,1350,+5%,进阶长尾,长尾解决,公开使用,https://jichangplus.xyz/faq/,/subscription-management/,FAQ与长文内链,长尾细分覆盖
机场进阶管理与技巧长尾_4,机场进阶管理与技巧长尾_4,1400,+5%,进阶长尾,长尾解决,公开使用,https://jichangplus.xyz/faq/,/subscription-management/,FAQ与长文内链,长尾细分覆盖
机场进阶管理与技巧长尾_5,机场进阶管理与技巧长尾_5,1450,+5%,进阶长尾,长尾解决,公开使用,https://jichangplus.xyz/faq/,/subscription-management/,FAQ与长文内链,长尾细分覆盖
机场进阶管理与技巧长尾_6,机场进阶管理与技巧长尾_6,1500,+5%,进阶长尾,长尾解决,公开使用,https://jichangplus.xyz/faq/,/subscription-management/,FAQ与长文内链,长尾细分覆盖
机场进阶管理与技巧长尾_7,机场进阶管理与技巧长尾_7,1550,+5%,进阶长尾,长尾解决,公开使用,https://jichangplus.xyz/faq/,/subscription-management/,FAQ与长文内链,长尾细分覆盖
机场进阶管理与技巧长尾_8,机场进阶管理与技巧长尾_8,1600,+5%,进阶长尾,长尾解决,公开使用,https://jichangplus.xyz/faq/,/subscription-management/,FAQ与长文内链,长尾细分覆盖
机场进阶管理与技巧长尾_9,机场进阶管理与技巧长尾_9,1650,+5%,进阶长尾,长尾解决,公开使用,https://jichangplus.xyz/faq/,/subscription-management/,FAQ与长文内链,长尾细分覆盖
机场进阶管理与技巧长尾_10,机场进阶管理与技巧长尾_10,1700,+5%,进阶长尾,长尾解决,公开使用,https://jichangplus.xyz/faq/,/subscription-management/,FAQ与长文内链,长尾细分覆盖
机场进阶管理与技巧长尾_11,机场进阶管理与技巧长尾_11,1750,+5%,进阶长尾,长尾解决,公开使用,https://jichangplus.xyz/faq/,/subscription-management/,FAQ与长文内链,长尾细分覆盖
机场进阶管理与技巧长尾_12,机场进阶管理与技巧长尾_12,1800,+5%,进阶长尾,长尾解决,公开使用,https://jichangplus.xyz/faq/,/subscription-management/,FAQ与长文内链,长尾细分覆盖
机场进阶管理与技巧长尾_13,机场进阶管理与技巧长尾_13,1850,+5%,进阶长尾,长尾解决,公开使用,https://jichangplus.xyz/faq/,/subscription-management/,FAQ与长文内链,长尾细分覆盖
机场进阶管理与技巧长尾_14,机场进阶管理与技巧长尾_14,1900,+5%,进阶长尾,长尾解决,公开使用,https://jichangplus.xyz/faq/,/subscription-management/,FAQ与长文内链,长尾细分覆盖
机场进阶管理与技巧长尾_15,机场进阶管理与技巧长尾_15,1950,+5%,进阶长尾,长尾解决,公开使用,https://jichangplus.xyz/faq/,/subscription-management/,FAQ与长文内链,长尾细分覆盖
机场进阶管理与技巧长尾_16,机场进阶管理与技巧长尾_16,2000,+5%,进阶长尾,长尾解决,公开使用,https://jichangplus.xyz/faq/,/subscription-management/,FAQ与长文内链,长尾细分覆盖
机场进阶管理与技巧长尾_17,机场进阶管理与技巧长尾_17,2050,+5%,进阶长尾,长尾解决,公开使用,https://jichangplus.xyz/faq/,/subscription-management/,FAQ与长文内链,长尾细分覆盖
机场进阶管理与技巧长尾_18,机场进阶管理与技巧长尾_18,2100,+5%,进阶长尾,长尾解决,公开使用,https://jichangplus.xyz/faq/,/subscription-management/,FAQ与长文内链,长尾细分覆盖
机场进阶管理与技巧长尾_19,机场进阶管理与技巧长尾_19,2150,+5%,进阶长尾,长尾解决,公开使用,https://jichangplus.xyz/faq/,/subscription-management/,FAQ与长文内链,长尾细分覆盖
机场进阶管理与技巧长尾_20,机场进阶管理与技巧长尾_20,2200,+5%,进阶长尾,长尾解决,公开使用,https://jichangplus.xyz/faq/,/subscription-management/,FAQ与长文内链,长尾细分覆盖
机场进阶管理与技巧长尾_21,机场进阶管理与技巧长尾_21,2250,+5%,进阶长尾,长尾解决,公开使用,https://jichangplus.xyz/faq/,/subscription-management/,FAQ与长文内链,长尾细分覆盖
机场进阶管理与技巧长尾_22,机场进阶管理与技巧长尾_22,2300,+5%,进阶长尾,长尾解决,公开使用,https://jichangplus.xyz/faq/,/subscription-management/,FAQ与长文内链,长尾细分覆盖
机场进阶管理与技巧长尾_23,机场进阶管理与技巧长尾_23,2350,+5%,进阶长尾,长尾解决,公开使用,https://jichangplus.xyz/faq/,/subscription-management/,FAQ与长文内链,长尾细分覆盖
机场进阶管理与技巧长尾_24,机场进阶管理与技巧长尾_24,2400,+5%,进阶长尾,长尾解决,公开使用,https://jichangplus.xyz/faq/,/subscription-management/,FAQ与长文内链,长尾细分覆盖
机场进阶管理与技巧长尾_25,机场进阶管理与技巧长尾_25,2450,+5%,进阶长尾,长尾解决,公开使用,https://jichangplus.xyz/faq/,/subscription-management/,FAQ与长文内链,长尾细分覆盖
机场进阶管理与技巧长尾_26,机场进阶管理与技巧长尾_26,2500,+5%,进阶长尾,长尾解决,公开使用,https://jichangplus.xyz/faq/,/subscription-management/,FAQ与长文内链,长尾细分覆盖
机场进阶管理与技巧长尾_27,机场进阶管理与技巧长尾_27,2550,+5%,进阶长尾,长尾解决,公开使用,https://jichangplus.xyz/faq/,/subscription-management/,FAQ与长文内链,长尾细分覆盖
机场进阶管理与技巧长尾_28,机场进阶管理与技巧长尾_28,2600,+5%,进阶长尾,长尾解决,公开使用,https://jichangplus.xyz/faq/,/subscription-management/,FAQ与长文内链,长尾细分覆盖
机场进阶管理与技巧长尾_29,机场进阶管理与技巧长尾_29,2650,+5%,进阶长尾,长尾解决,公开使用,https://jichangplus.xyz/faq/,/subscription-management/,FAQ与长文内链,长尾细分覆盖
机场进阶管理与技巧长尾_30,机场进阶管理与技巧长尾_30,2700,+5%,进阶长尾,长尾解决,公开使用,https://jichangplus.xyz/faq/,/subscription-management/,FAQ与长文内链,长尾细分覆盖
机场进阶管理与技巧长尾_31,机场进阶管理与技巧长尾_31,2750,+5%,进阶长尾,长尾解决,公开使用,https://jichangplus.xyz/faq/,/subscription-management/,FAQ与长文内链,长尾细分覆盖
机场进阶管理与技巧长尾_32,机场进阶管理与技巧长尾_32,2800,+5%,进阶长尾,长尾解决,公开使用,https://jichangplus.xyz/faq/,/subscription-management/,FAQ与长文内链,长尾细分覆盖
机场进阶管理与技巧长尾_33,机场进阶管理与技巧长尾_33,2850,+5%,进阶长尾,长尾解决,公开使用,https://jichangplus.xyz/faq/,/subscription-management/,FAQ与长文内链,长尾细分覆盖
机场进阶管理与技巧长尾_34,机场进阶管理与技巧长尾_34,2900,+5%,进阶长尾,长尾解决,公开使用,https://jichangplus.xyz/faq/,/subscription-management/,FAQ与长文内链,长尾细分覆盖
机场进阶管理与技巧长尾_35,机场进阶管理与技巧长尾_35,2950,+5%,进阶长尾,长尾解决,公开使用,https://jichangplus.xyz/faq/,/subscription-management/,FAQ与长文内链,长尾细分覆盖
机场进阶管理与技巧长尾_36,机场进阶管理与技巧长尾_36,3000,+5%,进阶长尾,长尾解决,公开使用,https://jichangplus.xyz/faq/,/subscription-management/,FAQ与长文内链,长尾细分覆盖
机场进阶管理与技巧长尾_37,机场进阶管理与技巧长尾_37,3050,+5%,进阶长尾,长尾解决,公开使用,https://jichangplus.xyz/faq/,/subscription-management/,FAQ与长文内链,长尾细分覆盖
机场进阶管理与技巧长尾_38,机场进阶管理与技巧长尾_38,3100,+5%,进阶长尾,长尾解决,公开使用,https://jichangplus.xyz/faq/,/subscription-management/,FAQ与长文内链,长尾细分覆盖
机场进阶管理与技巧长尾_39,机场进阶管理与技巧长尾_39,3150,+5%,进阶长尾,长尾解决,公开使用,https://jichangplus.xyz/faq/,/subscription-management/,FAQ与长文内链,长尾细分覆盖
机场进阶管理与技巧长尾_40,机场进阶管理与技巧长尾_40,3200,+5%,进阶长尾,长尾解决,公开使用,https://jichangplus.xyz/faq/,/subscription-management/,FAQ与长文内链,长尾细分覆盖
机场进阶管理与技巧长尾_41,机场进阶管理与技巧长尾_41,3250,+5%,进阶长尾,长尾解决,公开使用,https://jichangplus.xyz/faq/,/subscription-management/,FAQ与长文内链,长尾细分覆盖
机场进阶管理与技巧长尾_42,机场进阶管理与技巧长尾_42,3300,+5%,进阶长尾,长尾解决,公开使用,https://jichangplus.xyz/faq/,/subscription-management/,FAQ与长文内链,长尾细分覆盖
机场进阶管理与技巧长尾_43,机场进阶管理与技巧长尾_43,3350,+5%,进阶长尾,长尾解决,公开使用,https://jichangplus.xyz/faq/,/subscription-management/,FAQ与长文内链,长尾细分覆盖
机场进阶管理与技巧长尾_44,机场进阶管理与技巧长尾_44,3400,+5%,进阶长尾,长尾解决,公开使用,https://jichangplus.xyz/faq/,/subscription-management/,FAQ与长文内链,长尾细分覆盖
机场进阶管理与技巧长尾_45,机场进阶管理与技巧长尾_45,3450,+5%,进阶长尾,长尾解决,公开使用,https://jichangplus.xyz/faq/,/subscription-management/,FAQ与长文内链,长尾细分覆盖
机场进阶管理与技巧长尾_46,机场进阶管理与技巧长尾_46,3500,+5%,进阶长尾,长尾解决,公开使用,https://jichangplus.xyz/faq/,/subscription-management/,FAQ与长文内链,长尾细分覆盖
机场进阶管理与技巧长尾_47,机场进阶管理与技巧长尾_47,3550,+5%,进阶长尾,长尾解决,公开使用,https://jichangplus.xyz/faq/,/subscription-management/,FAQ与长文内链,长尾细分覆盖
机场进阶管理与技巧长尾_48,机场进阶管理与技巧长尾_48,3600,+5%,进阶长尾,长尾解决,公开使用,https://jichangplus.xyz/faq/,/subscription-management/,FAQ与长文内链,长尾细分覆盖
机场进阶管理与技巧长尾_49,机场进阶管理与技巧长尾_49,3650,+5%,进阶长尾,长尾解决,公开使用,https://jichangplus.xyz/faq/,/subscription-management/,FAQ与长文内链,长尾细分覆盖
机场进阶管理与技巧长尾_50,机场进阶管理与技巧长尾_50,3700,+5%,进阶长尾,长尾解决,公开使用,https://jichangplus.xyz/faq/,/subscription-management/,FAQ与长文内链,长尾细分覆盖
机场进阶管理与技巧长尾_51,机场进阶管理与技巧长尾_51,3750,+5%,进阶长尾,长尾解决,公开使用,https://jichangplus.xyz/faq/,/subscription-management/,FAQ与长文内链,长尾细分覆盖
机场进阶管理与技巧长尾_52,机场进阶管理与技巧长尾_52,3800,+5%,进阶长尾,长尾解决,公开使用,https://jichangplus.xyz/faq/,/subscription-management/,FAQ与长文内链,长尾细分覆盖
机场进阶管理与技巧长尾_53,机场进阶管理与技巧长尾_53,3850,+5%,进阶长尾,长尾解决,公开使用,https://jichangplus.xyz/faq/,/subscription-management/,FAQ与长文内链,长尾细分覆盖
机场进阶管理与技巧长尾_54,机场进阶管理与技巧长尾_54,3900,+5%,进阶长尾,长尾解决,公开使用,https://jichangplus.xyz/faq/,/subscription-management/,FAQ与长文内链,长尾细分覆盖
机场进阶管理与技巧长尾_55,机场进阶管理与技巧长尾_55,3950,+5%,进阶长尾,长尾解决,公开使用,https://jichangplus.xyz/faq/,/subscription-management/,FAQ与长文内链,长尾细分覆盖
机场进阶管理与技巧长尾_56,机场进阶管理与技巧长尾_56,4000,+5%,进阶长尾,长尾解决,公开使用,https://jichangplus.xyz/faq/,/subscription-management/,FAQ与长文内链,长尾细分覆盖
机场进阶管理与技巧长尾_57,机场进阶管理与技巧长尾_57,4050,+5%,进阶长尾,长尾解决,公开使用,https://jichangplus.xyz/faq/,/subscription-management/,FAQ与长文内链,长尾细分覆盖
机场进阶管理与技巧长尾_58,机场进阶管理与技巧长尾_58,4100,+5%,进阶长尾,长尾解决,公开使用,https://jichangplus.xyz/faq/,/subscription-management/,FAQ与长文内链,长尾细分覆盖
机场进阶管理与技巧长尾_59,机场进阶管理与技巧长尾_59,4150,+5%,进阶长尾,长尾解决,公开使用,https://jichangplus.xyz/faq/,/subscription-management/,FAQ与长文内链,长尾细分覆盖
机场进阶管理与技巧长尾_60,机场进阶管理与技巧长尾_60,4200,+5%,进阶长尾,长尾解决,公开使用,https://jichangplus.xyz/faq/,/subscription-management/,FAQ与长文内链,长尾细分覆盖
机场进阶管理与技巧长尾_61,机场进阶管理与技巧长尾_61,4250,+5%,进阶长尾,长尾解决,公开使用,https://jichangplus.xyz/faq/,/subscription-management/,FAQ与长文内链,长尾细分覆盖
机场进阶管理与技巧长尾_62,机场进阶管理与技巧长尾_62,4300,+5%,进阶长尾,长尾解决,公开使用,https://jichangplus.xyz/faq/,/subscription-management/,FAQ与长文内链,长尾细分覆盖
机场进阶管理与技巧长尾_63,机场进阶管理与技巧长尾_63,4350,+5%,进阶长尾,长尾解决,公开使用,https://jichangplus.xyz/faq/,/subscription-management/,FAQ与长文内链,长尾细分覆盖
机场进阶管理与技巧长尾_64,机场进阶管理与技巧长尾_64,4400,+5%,进阶长尾,长尾解决,公开使用,https://jichangplus.xyz/faq/,/subscription-management/,FAQ与长文内链,长尾细分覆盖
